time,open,high,low,close,volume
1729814400,11.61,12.085,10.79,11.117,2099904.62
1729900800,11.118,11.373,10.81,10.99,1229022.34
1729987200,10.994,11.16,10.833,10.968,722091.81
1730073600,10.966,11.258,10.7,11.175,1385416.74
1730160000,11.183,11.8,11.139,11.796,1462835.38
1730246400,11.793,12.456,11.648,12.393,1585906.8
1730332800,12.397,12.458,11.306,11.403,1352005.02
1730419200,11.399,11.719,11.15,11.244,1257509.18
1730505600,11.242,11.397,11.073,11.186,604770.83
1730592000,11.191,11.23,10.511,10.757,759442.3
1730678400,10.758,10.906,10.067,10.248,914169.0
1730764800,10.251,10.938,10.178,10.831,1212168.14
1730851200,10.835,12.32,10.802,12.181,3113609.02
1730937600,12.182,12.717,12.071,12.597,1969083.56
1731024000,12.599,13.762,12.527,13.703,2700799.47
1731110400,13.703,13.846,13.286,13.782,1447300.44
1731196800,13.781,14.862,13.644,14.272,3324970.52
1731283200,14.274,14.962,13.624,14.933,2777091.37
1731369600,14.933,15.361,13.68,13.968,3492503.79
1731456000,13.967,14.407,13.07,13.501,3178604.72
1731542400,13.5,13.83,12.802,12.988,2379723.81
1731628800,12.995,13.899,12.723,13.837,2183614.97
1731715200,13.842,14.798,13.74,14.53,3090591.43
1731801600,14.537,14.892,13.56,13.789,1933579.89
1731888000,13.794,16.005,13.754,15.285,3607382.07
1731974400,15.281,15.43,14.421,14.642,2082807.66
1732060800,14.638,15.336,14.047,14.248,2450895.28
1732147200,14.25,15.386,13.854,14.905,2933769.52
1732233600,14.91,16.611,14.734,16.586,4418664.21
1732320000,16.583,18.4,16.309,17.398,6039565.91
1732406400,17.402,18.354,16.12,17.924,3821455.16
1732492800,17.931,19.065,17.15,17.342,4536023.39
1732579200,17.338,17.845,16.183,17.333,3318026.92
1732665600,17.331,19.019,16.955,18.672,3203173.89
1732752000,18.678,18.716,17.489,17.941,2321005.87
1732838400,17.941,18.415,17.529,18.255,1890084.4
1732924800,18.251,19.456,17.94,19.008,2778533.27
1733011200,19.009,19.125,18.415,18.939,2285062.81
1733097600,18.93,26.926,18.588,25.235,12984283.07
1733184000,25.233,26.24,22.549,24.115,8231033.84
1733270400,24.119,26.5,23.622,24.108,5563340.36
1733356800,24.109,25.059,22.48,23.167,5933844.73
1733443200,23.174,26.0,22.74,25.916,3889849.48
1733529600,25.911,26.872,24.462,24.811,3480308.51
1733616000,24.803,27.401,24.706,26.116,3440910.4
1733702400,26.118,27.374,19.85,22.257,6550025.46
1733788800,22.255,23.791,20.279,22.129,7730853.2
1733875200,22.13,24.349,21.16,24.083,3913042.27
1733961600,24.084,29.45,23.889,29.106,9022641.62
1734048000,29.13,30.949,27.49,28.999,5216884.43
1734134400,28.998,30.75,28.716,29.112,4686288.66
1734220800,29.118,29.874,28.02,29.248,2858136.31
1734307200,29.249,30.812,28.406,28.751,4737715.13
1734393600,28.749,29.071,27.353,27.858,3101178.51
1734480000,27.865,28.405,24.699,24.841,3748955.5
1734566400,24.842,25.72,21.671,22.784,6540306.59
1734652800,22.797,23.698,20.0,23.387,7006221.55
1734739200,23.378,24.933,21.759,22.119,3281071.61
1734825600,22.122,22.779,21.288,22.061,2247561.78
1734912000,22.064,24.918,21.47,24.511,3990365.38
1734998400,24.514,25.966,23.503,25.406,3595893.43
1735084800,25.409,25.562,24.12,24.424,1235639.75
1735171200,24.417,24.69,22.395,22.656,1628908.99
1735257600,22.653,23.644,21.331,21.531,2136154.41
1735344000,21.536,22.346,21.025,21.948,1950627.37
1735430400,21.939,21.975,20.732,20.904,1120961.15
1735516800,20.911,21.787,20.052,20.542,2386902.15
1735603200,20.534,21.174,19.786,19.972,2244717.87
1735689600,19.976,21.8,19.655,21.692,1822381.06
1735776000,21.678,22.875,21.678,22.044,2154179.39
1735862400,22.046,23.892,21.626,23.474,2054732.82
1735948800,23.47,24.057,22.88,23.594,1267317.38
1736035200,23.595,23.821,22.851,23.573,1078605.75
1736121600,23.574,24.779,23.01,23.844,2214389.98
1736208000,23.832,23.851,21.169,21.385,2148186.4
1736294400,21.38,21.726,19.578,20.441,2782162.35
1736380800,20.437,20.728,19.136,19.645,2206846.0
1736467200,19.651,20.532,19.527,20.245,2048047.41
1736553600,20.24,20.682,19.803,20.21,1026993.04
1736640000,20.211,20.321,19.585,19.827,804275.03
1736726400,19.828,20.424,17.837,19.355,3044247.23
1736812800,19.353,20.49,19.24,20.312,1433059.55
1736899200,20.319,22.156,20.09,22.087,2291938.61
1736985600,22.089,23.88,21.296,23.022,3751414.2
1737072000,23.027,25.238,23.027,25.104,3033747.84
1737158400,25.107,25.679,23.354,24.086,3576559.27
1737244800,24.082,26.68,22.166,24.306,6125044.7
1737331200,24.315,26.9,23.368,25.053,6961513.6
1737417600,25.054,27.097,23.637,26.666,4434885.11
1737504000,26.656,27.2,25.099,25.275,2059283.55
1737590400,25.272,26.241,23.97,25.663,3312875.59
1737676800,25.665,26.437,24.839,25.188,2232846.6
1737763200,25.179,25.43,24.698,24.92,1479863.8
1737849600,24.927,26.384,24.843,24.863,1951200.58
1737936000,24.869,25.123,22.176,24.198,4290256.49
1738022400,24.205,24.657,22.35,22.603,2447674.45
1738108800,22.605,24.451,22.306,23.663,2731717.51
1738195200,23.663,25.266,23.401,24.459,2153033.44
1738281600,24.459,26.4,24.128,25.152,2483353.75
1738368000,25.148,25.959,22.76,22.97,2093949.39
1738454400,22.968,23.324,19.31,20.457,4162530.01
1738540800,20.459,22.067,16.01,21.67,9026633.21
1738627200,21.673,21.733,19.321,19.982,4178193.62
1738713600,19.989,20.272,18.97,19.199,2906253.7
1738800000,19.188,19.938,18.409,18.588,2402267.62
1738886400,18.59,19.863,17.796,18.39,2800737.01
1738972800,18.39,18.628,17.875,18.448,1113000.58
1739059200,18.447,19.009,17.44,18.269,1592447.11
1739145600,18.267,19.121,17.674,18.802,1489112.81
1739232000,18.798,19.795,18.218,18.647,1649090.45
1739318400,18.643,19.523,17.648,19.198,2069346.56
1739404800,19.206,19.333,18.179,18.552,1492037.36
1739491200,18.56,19.849,18.452,19.381,1887941.84
1739577600,19.385,19.661,18.74,19.003,862107.94
1739664000,18.995,19.26,18.56,18.698,790940.2
1739750400,18.692,19.785,18.364,19.113,1694828.76
1739836800,19.104,19.2,17.281,17.86,1748771.17
1739923200,17.863,18.2,17.43,17.978,1191507.68
1740009600,17.981,18.474,17.823,18.289,1314467.3
1740096000,18.286,19.06,17.119,17.415,1705870.2
1740182400,17.417,18.03,17.298,17.758,767881.54
1740268800,17.755,18.133,17.423,17.611,486993.18
1740355200,17.613,17.747,15.0,15.25,1899774.4
1740441600,15.25,15.569,14.021,15.294,3753552.9
1740528000,15.296,15.76,14.62,15.231,2125321.22
1740614400,15.236,15.769,14.75,15.091,1321528.69
1740700800,15.094,15.183,13.436,14.804,2884398.48
1740787200,14.804,15.128,14.216,14.751,1186533.46
1740873600,14.754,17.813,14.39,17.419,3313206.01
1740960000,17.415,17.495,14.359,14.443,3513192.01
1741046400,14.445,15.357,13.074,14.862,4520240.39
1741132800,14.859,16.588,14.631,16.418,3338974.21
1741219200,16.42,17.664,16.381,17.054,4142850.9
1741305600,17.048,17.527,15.732,15.932,4725872.39
1741392000,15.93,16.029,15.105,15.256,1740760.11
1741478400,15.258,15.367,13.601,13.8,2395701.78
1741564800,13.802,14.569,12.415,12.647,3800786.97
1741651200,12.647,13.653,11.842,13.133,4423962.62
1741737600,13.133,14.031,12.647,13.483,3177111.26
1741824000,13.478,13.6,12.71,13.032,2785633.7
1741910400,13.035,14.683,12.986,13.662,5050966.52
1741996800,13.661,14.248,13.634,14.015,1466908.03
1742083200,14.014,14.185,13.211,13.373,1584847.73
1742169600,13.37,14.24,13.34,14.023,1644907.19
1742256000,14.029,14.269,13.452,13.91,2373718.83
1742342400,13.91,15.043,13.77,15.024,3409181.53
1742428800,15.024,15.172,14.078,14.217,1586564.17
1742515200,14.21,14.378,13.819,13.953,1132231.72
1742601600,13.954,14.499,13.93,14.246,790782.22
1742688000,14.246,14.492,14.212,14.469,795221.24
1742774400,14.467,15.398,14.152,15.127,2326516.72
1742860800,15.127,15.649,14.864,15.437,1686642.9
1742947200,15.433,15.999,14.943,15.249,1900830.79
1743033600,15.25,15.797,15.169,15.519,2173051.1
1743120000,15.52,15.581,13.962,14.253,2485986.74
1743206400,14.251,14.405,13.366,13.547,1700986.41
1743292800,13.548,13.873,13.199,13.412,1566672.25
1743379200,13.413,13.71,12.957,13.503,2540726.64
1743465600,13.502,14.391,13.488,14.044,2279039.93
1743552000,14.045,14.394,12.811,12.903,3491734.39
1743638400,12.903,13.304,12.299,12.896,3092787.3
1743724800,12.899,13.189,12.352,12.942,3370444.3
1743811200,12.939,13.052,12.572,12.841,904941.59
1743897600,12.845,12.944,11.0,11.279,2891377.53
1743984000,11.281,11.871,10.1,11.449,6777671.63
1744070400,11.448,11.888,10.769,10.912,3301029.24
1744156800,10.915,12.824,10.436,12.65,5651018.14
1744243200,12.65,12.661,11.663,12.069,2499087.49
1744329600,12.065,12.901,12.018,12.64,2010336.2
1744416000,12.638,13.287,12.464,13.148,1369881.46
1744502400,13.148,13.228,12.421,12.625,1218226.62
1744588800,12.625,13.243,12.572,12.635,1452285.76
1744675200,12.639,12.832,12.2,12.233,1630038.11
1744761600,12.231,12.525,11.91,12.357,1507318.67
1744848000,12.353,12.701,12.201,12.536,1177786.61
1744934400,12.536,12.716,12.404,12.559,597318.74
1745020800,12.562,13.048,12.54,12.93,597909.95
1745107200,12.933,13.596,12.876,13.283,988503.39
1745193600,13.285,13.693,12.969,13.102,1307108.17
1745280000,13.102,14.175,12.886,14.138,2274317.95
1745366400,14.139,15.305,14.026,15.021,2889141.98
1745452800,15.019,15.156,14.156,15.064,2139818.48
1745539200,15.066,15.362,14.713,14.927,2131952.51
1745625600,14.928,15.289,14.682,14.87,1231714.0
1745712000,14.875,15.1,14.38,14.562,1232653.97
1745798400,14.562,15.111,14.245,15.024,1806537.31
1745884800,15.026,15.24,14.483,14.605,1193011.35
1745971200,14.603,14.763,13.834,14.296,1264910.16
1746057600,14.296,15.04,14.294,14.754,1180758.2
1746144000,14.747,15.04,14.5,14.663,1060068.84
1746230400,14.665,14.672,14.165,14.251,619903.89
1746316800,14.251,14.366,13.813,13.86,566284.3
1746403200,13.86,14.197,13.48,13.641,1323176.23
1746489600,13.642,13.887,13.203,13.819,1275441.04
1746576000,13.823,14.088,13.466,13.823,1210577.42
1746662400,13.823,15.98,13.811,15.889,2626102.97
1746748800,15.885,16.77,15.584,16.019,2423839.88
1746835200,16.013,17.469,15.861,17.336,1663385.14
1746921600,17.334,17.411,16.308,17.109,1760723.58
1747008000,17.112,17.979,16.032,16.736,2663046.48
1747094400,16.739,17.806,16.037,17.392,2029665.48
1747180800,17.393,17.536,16.675,17.018,1749303.02
1747267200,17.02,17.212,15.693,16.049,1917554.21
1747353600,16.05,16.551,15.614,15.769,1367253.97
1747440000,15.761,15.79,15.085,15.329,1159331.53
1747526400,15.331,16.404,14.907,15.876,1446534.06
1747612800,15.884,16.01,14.846,15.79,1919385.27
1747699200,15.793,16.451,15.244,15.705,1902907.2
1747785600,15.711,16.5,15.521,16.104,2343678.31
1747872000,16.11,16.914,16.042,16.742,2172374.6
1747958400,16.743,17.157,15.42,15.536,2438322.68
1748044800,15.541,15.912,15.253,15.345,890923.25
1748131200,15.347,15.565,14.872,15.54,880763.69
1748217600,15.543,15.966,15.406,15.542,1016001.47
1748304000,15.543,16.137,15.16,15.912,966734.24
1748390400,15.914,16.157,15.314,15.69,904395.86
1748476800,15.693,16.193,15.001,15.048,1408217.12
1748563200,15.045,15.12,13.774,13.9,2064083.48
1748649600,13.902,14.198,13.403,13.974,1264662.84
1748736000,13.974,14.133,13.584,14.074,1204347.02
1748822400,14.074,14.128,13.597,14.088,1139901.71
1748908800,14.088,14.456,14.01,14.124,1308151.07
1748995200,14.123,14.485,13.719,13.842,994475.71
1749081600,13.841,14.046,12.641,12.892,1749024.79
1749168000,12.893,13.693,12.828,13.582,1239498.58
1749254400,13.582,14.091,13.489,13.83,835285.4
1749340800,13.83,13.982,13.56,13.731,626763.4
1749427200,13.73,14.399,13.549,14.359,1234171.85
1749513600,14.358,15.534,14.333,15.448,2624115.81
1749600000,15.449,15.663,14.75,14.898,2083235.65
1749686400,14.897,14.924,13.825,13.978,1542964.96
1749772800,13.978,13.992,12.758,13.453,2478258.0
1749859200,13.453,13.471,12.845,13.158,756951.95
1749945600,13.159,13.33,12.995,13.298,586002.18
1750032000,13.299,14.171,13.174,13.571,1923810.01
1750118400,13.569,13.786,12.809,12.993,1826950.89
1750204800,12.994,13.234,12.634,13.121,1410877.39
1750291200,13.121,13.377,12.915,13.073,957404.36
1750377600,13.072,13.281,12.3,12.509,1478694.19
1750464000,12.507,12.744,11.695,12.034,1148463.27
1750550400,12.035,12.204,10.936,11.66,2726158.44
1750636800,11.66,12.955,11.406,12.836,2390973.37
1750723200,12.835,13.741,12.792,13.418,2146729.88
1750809600,13.418,13.515,12.996,13.144,1962841.13
1750896000,13.147,13.567,12.89,12.947,1438380.85
1750982400,12.944,13.236,12.736,13.056,1252752.13
1751068800,13.056,13.449,13.008,13.401,721449.04
1751155200,13.401,13.875,13.249,13.71,881911.68
1751241600,13.711,13.779,13.133,13.377,1203329.34
1751328000,13.377,13.438,12.792,12.899,761418.46
1751414400,12.9,13.856,12.734,13.56,1463473.64
1751500800,13.56,14.079,13.445,13.669,1421430.57
1751587200,13.678,13.79,12.944,13.173,979519.18
1751673600,13.173,13.273,12.999,13.232,489903.98
1751760000,13.233,13.706,13.101,13.497,775467.29
1751846400,13.498,13.733,13.25,13.435,1139676.72
1751932800,13.435,13.999,13.202,13.973,945628.51
1752019200,13.972,14.385,13.815,14.253,1820731.36
1752105600,14.253,15.344,14.153,15.241,1617919.8
1752192000,15.239,15.871,15.03,15.288,2326293.65
1752278400,15.289,15.48,14.708,15.112,1015582.99
1752364800,15.113,15.953,15.047,15.669,1158038.39
1752451200,15.67,16.473,15.577,15.761,2089354.56
1752537600,15.761,16.196,15.14,16.109,1888133.1
1752624000,16.108,17.05,15.824,16.683,3117458.17
1752710400,16.681,18.14,16.334,18.003,2525656.8
1752796800,18.006,19.19,17.331,17.842,3556995.42
1752883200,17.848,18.559,17.552,18.401,1159969.47
1752969600,18.399,19.95,18.33,19.288,2781111.21
1753056000,19.288,20.284,18.999,19.5,2578082.59
1753142400,19.506,19.998,18.634,19.666,2630322.3
1753228800,19.671,19.768,17.557,18.186,2296684.34
1753315200,18.187,18.692,17.172,17.92,2455386.91
1753401600,17.921,18.488,17.264,18.288,2312223.36
1753488000,18.293,18.646,18.168,18.414,1137197.76
1753574400,18.416,19.299,18.363,19.233,1319000.07
1753660800,19.241,19.563,17.97,18.117,1661380.58
1753747200,18.118,18.637,17.469,17.818,1640915.05
1753833600,17.816,17.95,16.77,17.704,1537636.69
1753920000,17.708,18.233,16.848,16.93,1509758.94
1754006400,16.928,17.033,15.663,16.065,2384278.8
1754092800,16.063,16.245,15.43,15.637,1242264.56
1754179200,15.644,16.397,15.437,16.306,832814.09
1754265600,16.307,17.202,16.274,17.11,1234066.06
1754352000,17.112,17.121,16.072,16.38,1162394.85
1754438400,16.383,16.904,16.034,16.674,1019276.31
1754524800,16.672,18.506,16.58,18.474,2040085.7
1754611200,18.478,19.972,18.094,19.894,3051985.53
1754697600,19.892,21.996,19.785,21.956,3684920.78
1754784000,21.952,22.693,21.154,22.072,3608656.63
1754870400,22.065,22.608,20.85,21.072,2610144.48
1754956800,21.07,24.194,21.001,23.594,4303018.27
1755043200,23.594,24.73,23.227,23.984,3626316.37
1755129600,23.987,24.326,21.51,22.468,3728180.21
1755216000,22.47,23.059,21.345,21.767,2568572.93
1755302400,21.766,22.988,21.416,22.651,1555098.18
1755388800,22.647,26.338,22.363,25.657,4580119.57
1755475200,25.655,26.729,24.301,25.792,5300648.17
1755561600,25.797,25.821,23.441,23.554,4550919.75
1755648000,23.553,26.892,23.354,26.466,6363846.67
1755734400,26.452,26.601,24.632,24.816,4227479.85
1755820800,24.812,27.865,24.11,26.77,6014795.96
1755907200,26.784,26.814,25.52,26.282,2010914.85
1755993600,26.276,26.62,25.234,25.82,2538394.68
1756080000,25.81,26.45,23.093,23.393,3471634.47
1756166400,23.39,24.74,22.88,24.382,3221465.83
1756252800,24.386,24.694,23.583,23.776,2542134.31
1756339200,23.773,26.044,23.554,25.178,5112494.35
1756425600,25.184,25.229,23.12,23.426,2636553.28
1756512000,23.428,23.525,22.825,23.513,943320.97
1756598400,23.504,24.056,23.182,23.198,1063505.06
1756684800,23.196,23.856,22.084,22.515,1972053.3
1756771200,22.514,23.593,22.34,23.485,1965016.56
1756857600,23.488,23.919,23.213,23.702,1047679.23
1756944000,23.701,23.965,22.2,22.312,1715979.02
1757030400,22.311,23.249,22.036,22.293,2053438.19
1757116800,22.292,22.51,21.876,22.193,849433.62
1757203200,22.198,22.608,22.116,22.456,832927.7
1757289600,22.455,23.305,22.229,23.053,1602229.49
1757376000,23.043,23.82,22.82,23.05,1638508.85
1757462400,23.049,23.933,22.886,23.569,1263002.94
1757548800,23.564,24.501,23.314,24.468,1296613.86
1757635200,24.472,25.344,24.169,25.147,2237008.6
1757721600,25.145,25.65,24.451,24.898,1457985.73
1757808000,24.9,25.037,23.854,24.104,919075.58
1757894400,24.102,24.44,22.986,23.567,1613316.01
1757980800,23.566,23.762,23.096,23.491,865055.86
1758067200,23.491,24.25,22.76,23.998,1747399.39
1758153600,24.0,24.74,23.687,24.636,1564201.07
1758240000,24.64,24.884,23.281,23.484,1750239.66
1758326400,23.483,23.664,23.109,23.344,619087.78
1758412800,23.346,23.494,22.913,22.966,520476.39
1758499200,22.961,23.059,20.301,21.675,2483057.25
1758585600,21.67,22.057,21.192,21.52,1248363.27
1758672000,21.521,21.975,20.962,21.615,1435123.82
1758758400,21.614,21.667,19.836,20.155,2586762.26
1758844800,20.155,21.258,19.95,21.083,1673639.95
1758931200,21.081,21.161,20.737,20.927,546487.99
1759017600,20.926,21.722,20.44,21.679,902082.92
1759104000,21.682,22.27,20.921,21.739,1332506.39
1759190400,21.738,21.883,20.974,21.322,1298359.98
1759276800,21.319,22.644,21.069,22.59,1569816.47
1759363200,22.589,23.16,21.941,22.791,1457759.76
1759449600,22.794,23.1,22.111,22.52,1514871.18
1759536000,22.519,22.631,21.781,22.031,733701.63
1759622400,22.032,22.94,21.89,22.007,1154027.42
1759708800,22.01,23.609,21.52,23.37,1793794.48
1759795200,23.371,23.734,21.784,21.81,1804898.58
1759881600,21.817,22.671,21.642,22.636,1418492.71
1759968000,22.638,22.676,21.331,22.007,1338291.12
1760054400,22.009,22.8,15.0,17.372,5447494.15
1760140800,17.364,18.537,16.622,17.215,4020338.68
1760227200,17.215,19.442,16.697,19.015,3530176.99
1760313600,19.009,20.199,18.774,19.861,4141562.24
1760400000,19.862,20.081,18.09,19.116,4482616.17
1760486400,19.11,19.258,17.736,18.058,2629880.25
1760572800,18.062,18.633,17.111,17.432,2569164.87
1760659200,17.428,17.693,15.7,16.607,4191744.3
1760745600,16.608,17.012,16.575,16.816,1006099.36
1760832000,16.816,17.675,16.533,17.29,1672358.2
1760918400,17.289,19.194,16.936,18.66,2738763.82
1761004800,18.659,18.972,17.545,17.614,2526728.78
1761091200,17.614,17.845,16.75,17.199,2123315.6
1761177600,17.205,17.797,17.102,17.435,1430429.84
1761264000,17.436,18.098,17.297,17.893,1578531.05
1761350400,17.894,18.1,17.796,18.019,408567.5
1761436800,18.018,18.686,17.693,18.552,1484400.15
1761523200,18.542,19.057,18.088,18.21,1719558.35
1761609600,18.205,18.82,17.45,17.823,1514034.71
1761696000,17.823,18.713,17.52,18.138,1743472.33
1761782400,18.142,18.428,16.324,16.802,2080664.92
1761868800,16.799,17.445,16.739,17.232,1516110.05
1761955200,17.236,17.426,17.025,17.139,693051.95
1762041600,17.14,17.631,16.988,17.583,946864.21
1762128000,17.588,17.655,14.54,15.243,2906122.2
1762214400,15.244,15.56,13.693,14.686,4366768.16
1762300800,14.685,15.4,13.985,15.091,2725845.71
1762387200,15.093,15.237,14.236,14.735,2375639.7
1762473600,14.735,16.221,14.293,15.784,3302649.83
1762560000,15.787,16.019,15.117,15.513,1250892.5
1762646400,15.516,16.13,15.017,15.923,1288854.37
1762732800,15.922,16.67,15.784,16.36,1974167.94
1762819200,16.362,16.784,15.196,15.278,2031472.83
1762905600,15.282,16.248,14.923,15.15,2053984.16
1762992000,15.146,16.01,14.14,14.545,2771020.75
1763078400,14.541,14.599,13.579,13.799,3049743.2
1763164800,13.797,14.324,13.785,14.128,1317570.86
1763251200,14.126,14.515,13.387,13.724,2315375.86
1763337600,13.722,14.261,13.071,13.316,3278032.69
1763424000,13.317,13.985,13.052,13.792,3040350.51
1763510400,13.792,13.828,12.76,13.517,3565097.19
1763596800,13.514,13.986,12.758,12.924,3158192.48
1763683200,12.924,13.191,11.596,12.11,4801643.78
1763769600,12.109,12.3,11.734,12.167,1643444.35
1763856000,12.167,12.749,12.108,12.519,2197274.68
1763942400,12.518,13.199,12.287,12.962,2641363.21
1764028800,12.962,13.212,12.545,13.077,1611405.13
1764115200,13.076,13.502,12.747,13.452,1561115.35
1764201600,13.452,13.568,13.234,13.335,755780.41
1764288000,13.334,13.538,13.048,13.125,1381122.84
1764374400,13.125,13.221,12.92,12.986,752280.02
1764460800,12.987,13.422,12.941,12.958,786095.76
1764547200,12.957,13.017,11.745,12.074,3146739.75
1764633600,12.074,13.585,11.977,13.478,2987512.07
1764720000,13.481,14.738,13.436,14.639,5140007.95
1764806400,14.642,14.933,13.966,14.258,2441952.35
1764892800,14.256,14.399,13.335,13.593,2523819.04
1764979200,13.593,14.08,13.493,13.918,1417874.12
1765065600,13.918,14.172,13.184,13.635,2509501.88
1765152000,13.636,14.28,13.574,13.764,2699851.42
1765238400,13.765,15.008,13.549,14.414,2777014.38
1765324800,14.414,14.885,13.941,14.102,2857576.14
1765411200,14.1,14.213,13.405,14.07,2531055.22
1765497600,14.065,14.345,13.214,13.638,2492913.76
1765584000,13.639,13.967,13.598,13.733,895360.4
1765670400,13.731,13.796,13.089,13.276,978542.7
1765756800,13.275,13.736,12.47,12.858,2962391.73
1765843200,12.856,13.121,12.55,12.928,2076759.48
1765929600,12.927,13.172,12.117,12.262,2892006.03
1766016000,12.262,12.873,11.726,11.928,3055724.78
1766102400,11.929,12.746,11.837,12.531,2047573.22
1766188800,12.531,12.709,12.476,12.545,588896.22
1766275200,12.549,12.701,12.222,12.433,826978.57
1766361600,12.433,12.949,12.331,12.579,2217784.69
1766448000,12.579,12.689,12.067,12.391,1624171.23
1766534400,12.39,12.428,12.002,12.264,1193289.42
1766620800,12.264,12.415,11.973,12.059,837838.72
1766707200,12.058,12.527,12.017,12.175,1357872.64
1766793600,12.175,12.533,12.156,12.502,872882.37
1766880000,12.501,12.58,12.308,12.483,1092840.77
1766966400,12.484,13.005,12.232,12.288,1704910.69
1767052800,12.287,12.591,12.246,12.406,1299066.92
1767139200,12.405,12.533,12.153,12.183,2062029.95
1767225600,12.184,12.612,12.0,12.608,1583742.72
1767312000,12.61,13.426,12.565,13.266,1956525.3
1767398400,13.265,13.362,12.971,13.223,1006543.6
1767484800,13.223,13.571,13.205,13.416,1234506.8
1767571200,13.418,14.126,13.382,13.91,2166853.01
1767657600,13.908,14.233,13.466,14.028,2500512.72
1767744000,14.029,14.039,13.292,13.434,1568206.32
1767830400,13.437,13.543,13.007,13.205,1819188.61
1767916800,13.207,13.431,13.024,13.123,1976468.4
1768003200,13.124,13.234,13.048,13.121,696568.91
1768089600,13.123,13.35,13.033,13.194,896686.83
1768176000,13.187,13.5,12.915,13.062,1744196.22
1768262400,13.062,14.175,13.037,14.074,1638996.14
1768348800,14.074,14.399,13.844,14.11,1840011.26
1768435200,14.11,14.206,13.559,13.79,1548392.34
1768521600,13.789,13.865,13.429,13.72,1148233.28
1768608000,13.72,13.888,13.623,13.731,448469.96
1768694400,13.731,13.87,13.292,13.307,1427612.49
1768780800,13.304,13.304,12.5,12.876,1469806.99
1768867200,12.876,12.902,12.042,12.115,1832849.35
1768953600,12.11,12.657,11.884,12.391,2243197.42
1769040000,12.391,12.568,12.113,12.247,1220193.69
1769126400,12.247,12.487,12.027,12.202,1082956.89
1769212800,12.2,12.268,12.11,12.186,432522.75
1769299200,12.184,12.202,11.351,11.509,2063075.57
1769385600,11.509,12.113,11.493,11.937,2143338.76
1769472000,11.937,12.174,11.826,12.024,1460672.07
1769558400,12.024,12.044,11.682,11.828,1212386.54
1769644800,11.829,11.95,10.811,11.102,2590996.87
1769731200,11.104,11.148,10.492,10.772,3277417.07
1769817600,10.771,10.817,8.996,9.98,4087576.21
1769904000,9.978,10.069,9.207,9.395,2942373.46
1769990400,9.394,10.024,9.014,9.801,4077460.24
1770076800,9.801,9.877,9.07,9.477,3920330.11
1770163200,9.477,9.758,9.01,9.235,4283256.72
1770249600,9.233,9.329,7.84,7.902,9157321.61
1770336000,7.903,9.004,7.197,8.876,9075300.49
1770422400,8.879,9.043,8.575,8.904,3896682.05
1770508800,8.904,9.045,8.721,8.817,1897164.78
1770595200,8.816,9.011,8.449,8.841,3255227.77
1770681600,8.841,8.88,8.468,8.573,2139345.97
1770768000,8.569,8.608,8.121,8.316,2792256.86
1770854400,8.32,8.59,8.167,8.406,2647993.89
1770940800,8.406,8.909,8.296,8.761,1831161.12
1771027200,8.762,9.2,8.749,9.086,1699974.63
1771113600,9.083,9.24,8.596,8.778,2213330.01
1771200000,8.776,8.988,8.641,8.93,1605520.97
1771286400,8.932,8.986,8.657,8.825,1764624.07
1771372800,8.826,8.994,8.514,8.602,1568786.99
1771459200,8.602,8.748,8.34,8.575,1355754.87
1771545600,8.574,9.008,8.453,8.939,2497218.85
1771632000,8.94,9.041,8.846,8.864,971258.8
1771718400,8.863,8.899,8.601,8.67,931278.95
1771804800,8.67,8.693,8.172,8.279,2797729.61
1771891200,8.279,8.335,8.05,8.198,2426911.73
1771977600,8.199,9.586,8.184,9.269,3727888.14
1772064000,9.269,9.344,8.852,9.097,2483581.76
1772150400,9.095,9.296,8.548,8.714,2179920.41
1772236800,8.712,8.945,8.204,8.857,2520926.11
1772323200,8.859,9.208,8.538,8.674,2433466.73
1772409600,8.673,9.271,8.582,8.953,2624367.55
1772496000,8.954,9.016,8.56,8.81,1966701.6
1772582400,8.81,9.637,8.687,9.352,2401845.14
1772668800,9.352,9.497,9.074,9.21,2881369.74
1772755200,9.207,9.303,8.673,8.797,2008272.28
1772841600,8.797,8.859,8.642,8.698,762277.95
1772928000,8.699,8.777,8.396,8.515,1191925.81
1773014400,8.514,9.1,8.483,8.868,1798426.13
1773100800,8.867,9.184,8.852,8.987,1416570.25
1773187200,8.985,9.17,8.867,8.999,1120297.66
1773273600,8.999,9.108,8.836,9.059,1224106.13
1773360000,9.059,9.61,9.023,9.085,2178869.65
1773446400,9.083,9.177,8.925,9.168,676382.04
1773532800,9.17,9.553,9.112,9.51,1046846.26
1773619200,9.512,10.079,9.412,9.924,2517614.99
1773705600,9.924,10.029,9.681,9.794,1328852.53
1773792000,9.794,9.93,9.09,9.231,1609504.41
1773878400,9.228,9.343,8.895,9.046,1514819.02
1773964800,9.046,9.208,8.96,9.116,1321780.92
1774051200,9.116,9.179,8.765,8.829,852909.37
1774137600,8.822,8.967,8.572,8.689,1673461.03
1774224000,8.69,9.286,8.57,9.118,3281427.45
1774310400,9.119,9.265,9.005,9.245,2281090.17
1774396800,9.246,9.495,9.17,9.375,2118357.99
1774483200,9.374,9.386,8.805,8.911,1742244.35
1774569600,8.91,8.979,8.481,8.561,2067990.08
1774656000,8.562,8.691,8.378,8.432,975493.05
1774742400,8.429,8.581,8.202,8.405,1199528.07
1774828800,8.408,8.914,8.392,8.617,1403674.09
1774915200,8.617,8.882,8.496,8.771,1369703.3
1775001600,8.774,9.189,8.733,8.941,1293174.98
1775088000,8.941,9.005,8.422,8.634,1478043.56
1775174400,8.635,8.822,8.589,8.656,740660.56
1775260800,8.657,8.778,8.606,8.695,316499.13
1775347200,8.695,8.865,8.478,8.82,634584.02
1775433600,8.821,9.146,8.724,8.8,1308297.47
1775520000,8.799,9.413,8.569,9.298,1827906.87
1775606400,9.294,9.335,8.84,8.858,1296787.08
1775692800,8.857,9.187,8.691,8.945,1304761.17
1775779200,8.944,9.181,8.882,9.087,996663.32
1775865600,9.089,9.288,8.96,9.072,667560.28
1775952000,9.073,9.084,8.69,8.736,810339.72
1776038400,8.734,9.434,8.69,9.358,1418559.45
1776124800,9.362,9.385,8.938,9.03,1257586.37
1776211200,9.031,9.371,8.996,9.264,1297158.15
1776297600,9.265,9.682,9.127,9.589,1688220.78
1776384000,9.586,9.871,9.34,9.616,1761763.43
1776470400,9.615,9.656,9.25,9.286,725081.51
1776556800,9.287,9.378,9.002,9.068,1031802.99
1776643200,9.065,9.41,9.055,9.292,1193845.77
1776729600,9.29,9.494,9.242,9.4,1202772.77
1776816000,9.402,9.558,9.285,9.293,1425666.48
1776902400,9.295,9.389,9.15,9.351,1078154.48
1776988800,9.351,9.447,9.245,9.38,982064.58
1777075200,9.379,9.448,9.289,9.347,384959.23
1777161600,9.346,9.537,9.301,9.483,646703.0
1777248000,9.487,9.595,9.148,9.319,906329.01
1777334400,9.319,9.331,9.145,9.238,604540.78
1777420800,9.238,9.417,8.91,9.109,1026970.9
1777507200,9.11,9.184,9.018,9.103,572272.91
1777593600,9.103,9.277,9.067,9.1,708504.67
1777680000,9.101,9.256,9.068,9.178,415763.88
1777766400,9.18,9.224,9.069,9.131,499858.62
1777852800,9.128,9.652,9.09,9.358,2054422.7
1777939200,9.358,9.849,9.356,9.764,1516488.48
1778025600,9.765,10.249,9.756,9.998,1943174.99
1778112000,9.997,10.128,9.8,9.849,1392214.26
1778198400,9.849,10.488,9.807,10.345,1181805.83
1778284800,10.342,10.608,10.282,10.373,1488274.45
1778371200,10.372,10.867,10.282,10.716,1578334.87
1778457600,10.72,10.755,10.401,10.585,1915273.29
1778544000,10.585,10.59,10.1,10.285,1800843.29
1778630400,10.283,10.8,10.035,10.21,2115400.09
1778716800,10.212,10.768,10.089,10.48,2502195.89
1778803200,10.481,10.559,9.962,10.065,1779977.91
1778889600,10.066,10.093,9.614,9.713,1134243.82
1778976000,9.714,9.847,9.337,9.559,1575732.59
1779062400,9.56,9.612,9.304,9.602,2849685.42
1779148800,9.603,9.82,9.426,9.439,2518174.1
1779235200,9.438,9.688,9.37,9.626,1580455.91
1779321600,9.626,9.844,9.51,9.747,1262330.0
1779408000,9.745,10.023,9.355,9.408,1664312.3
1779494400,9.409,9.768,9.057,9.554,1568184.58
1779580800,9.556,9.639,9.24,9.427,1042751.84
1779667200,9.425,9.662,9.355,9.497,702400.18
1779753600,9.496,9.671,9.327,9.37,1656026.31
1779840000,9.372,9.467,9.097,9.119,1194539.13
1779926400,9.119,9.139,8.761,8.992,2159859.41
1780012800,8.992,9.125,8.785,9.008,2166020.47
1780099200,9.01,9.3,9.006,9.177,1120814.35
1780185600,9.178,9.285,8.962,9.137,864939.84
1780272000,9.134,9.2,8.835,9.047,1546405.84
1780358400,9.046,9.06,8.235,8.362,1994469.92
1780444800,8.364,8.605,8.099,8.323,2188339.33
1780531200,8.322,8.387,7.798,8.008,3123613.0
1780617600,8.006,8.032,7.114,7.363,4340950.24
1780704000,7.362,7.464,7.001,7.391,1610438.8
1780790400,7.392,8.028,7.369,7.912,1543016.29
1780876800,7.911,8.125,7.715,7.994,1442807.92
1780963200,7.992,8.022,7.643,7.841,1115459.08
1781049600,7.84,7.893,7.478,7.554,1000242.76
1781136000,7.555,8.0,7.555,7.879,952992.56
1781222400,7.88,8.002,7.745,7.864,606153.1
1781308800,7.864,8.046,7.854,7.982,383843.12
1781395200,7.983,8.18,7.784,8.18,374030.17
1781481600,8.18,8.589,8.101,8.295,1177932.21
1781568000,8.293,8.471,8.01,8.278,719218.17
1781654400,8.279,8.407,7.931,8.083,707248.79
1781740800,8.085,8.13,7.764,8.005,985814.39
1781827200,8.006,8.031,7.763,7.941,578959.6
1781913600,7.941,8.005,7.821,7.98,601417.12
1782000000,7.982,8.0,7.759,7.773,321870.08
1782086400,7.774,8.144,7.772,7.865,654855.67
1782172800,7.864,7.907,7.474,7.624,879814.05
1782259200,7.623,7.686,7.115,7.416,1089224.59
1782345600,7.415,7.538,7.001,7.235,1018122.18
1782432000,7.236,7.387,7.006,7.343,1186235.73
1782518400,7.342,7.464,7.238,7.287,427318.98
1782604800,7.285,7.346,7.148,7.257,443950.19
1782691200,7.257,7.488,7.167,7.37,908431.13
1782777600,7.367,7.385,7.11,7.189,665095.08
1782864000,7.191,7.529,7.068,7.352,915349.25
1782950400,7.35,7.936,7.3,7.74,993071.11
1783036800,7.739,8.03,7.713,7.967,620740.51
1783123200,7.968,8.173,7.873,8.0,564510.45
1783209600,7.999,8.144,7.829,8.054,406983.78
1783296000,8.053,8.161,7.75,8.019,866331.65
1783382400,8.02,8.064,7.793,7.857,596516.8
1783468800,7.858,7.89,7.517,7.633,847367.63
1783555200,7.634,7.807,7.566,7.727,609741.43
1783641600,7.729,8.012,7.704,7.964,707851.87
1783728000,7.963,8.112,7.904,7.914,670958.6
1783814400,7.91,8.098,7.855,7.992,443923.99
1783900800,7.99,8.13,7.788,7.883,657944.52
1783987200,7.881,8.395,7.854,8.341,956608.66
1784073600,8.342,8.627,8.263,8.534,1088153.83
1784160000,8.533,8.561,8.304,8.335,911381.47
1784246400,8.334,8.361,7.995,8.25,619064.52
1784332800,8.251,8.372,8.206,8.346,307531.76
1784419200,8.347,8.406,8.284,8.379,514946.27
1784505600,8.378,8.638,8.281,8.586,962117.1
1784592000,8.585,8.751,8.563,8.652,1249106.91
1784678400,8.65,8.754,8.569,8.629,1380940.87
1784764800,8.629,8.68,8.411,8.464,617975.96
1784851200,8.463,8.574,8.284,8.334,454664.79
1784937600,8.333,8.428,8.258,8.376,489140.81
1785024000,8.373,8.833,8.37,8.816,913475.06
1785110400,8.816,8.907,8.341,8.377,1323091.22
1785196800,8.375,8.441,8.186,8.436,1406932.87
1785283200,8.435,8.502,8.16,8.326,1589837.91
1785369600,8.324,8.521,8.252,8.445,961783.37
1785456000,8.446,8.508,8.02,8.166,964655.72
1785542400,8.165,8.24,7.883,8.063,525713.8
1785628800,8.063,8.439,8.048,8.374,632622.79
1785715200,8.375,8.383,8.148,8.174,470741.27
1785801600,8.174,8.257,8.108,8.14,594021.55
1785888000,8.142,8.246,8.061,8.154,528136.5
1785974400,8.154,8.334,8.06,8.188,592508.79
1786060800,8.186,8.31,8.1,8.18,628363.49
1786147200,8.18,8.39,8.161,8.302,719692.13
1786233600,8.301,8.38,8.171,8.183,844509.69
1786320000,8.182,8.36,8.161,8.291,997452.44
1786406400,8.292,8.808,8.283,8.773,2106833.76
1786492800,8.773,8.887,8.62,8.665,935631.61
1786579200,8.662,8.895,8.61,8.879,801760.61
1786665600,8.881,9.005,8.719,8.963,1076258.14
1786752000,8.964,9.736,8.961,9.46,2597524.51
1786838400,9.459,9.503,9.287,9.381,950793.92
1786924800,9.38,9.565,9.348,9.533,1023860.63
1787011200,9.533,9.553,9.323,9.536,789662.28
1787097600,9.537,10.89,9.481,10.55,3233624.13
1787184000,10.55,10.877,10.361,10.695,2205343.85
1787270400,10.696,12.396,10.683,11.987,4049452.92
1787356800,11.986,12.605,10.874,11.646,2924205.83
1787443200,11.645,11.744,11.032,11.539,2066744.78
1787529600,11.542,11.78,11.291,11.627,1658994.3
1787616000,11.626,11.953,11.13,11.299,1762697.07
1787702400,11.293,11.629,11.067,11.612,1096545.15
1787788800,11.61,12.042,11.455,11.925,1330966.53
1787875200,11.924,12.064,11.258,11.432,1451999.83
1787961600,11.434,11.493,11.283,11.457,504481.35
1788048000,11.455,11.799,11.0,11.146,1176759.96
1788134400,11.147,11.502,11.037,11.319,1327521.61
1788220800,11.319,11.519,11.055,11.228,1485835.08
1788307200,11.231,11.299,10.91,11.116,1121831.33
1788393600,11.113,11.96,11.0,11.833,1667651.45
1788480000,11.828,12.159,11.465,11.633,1824995.15
1788566400,11.633,12.239,11.599,12.051,1242396.27
1788652800,12.051,13.359,12.045,13.237,2575847.4
1788739200,13.236,13.68,12.613,12.748,2354873.21
1788825600,12.744,12.808,12.298,12.52,1911836.42
1788912000,12.52,12.636,11.587,11.801,1948961.99
1788998400,11.796,11.891,11.432,11.447,1276674.64
1789084800,11.45,12.245,11.273,11.541,2191896.77
1789171200,11.542,11.626,11.46,11.505,907426.54
1789257600,11.502,11.559,11.152,11.199,1104347.95
1789344000,11.199,11.963,11.121,11.516,1730528.62
1789430400,11.513,11.629,10.784,10.88,2094666.15
1789516800,10.884,11.07,10.611,11.049,3153432.41
1789603200,11.05,11.429,10.98,11.377,1663598.14
1789689600,11.377,12.422,11.332,12.226,2390360.3
1789776000,12.227,12.694,12.212,12.416,1552053.62
1789862400,12.416,12.616,11.914,12.518,1437579.46
1789948800,12.513,13.284,12.456,13.179,3002979.14
1790035200,13.178,13.283,12.745,13.047,2590820.32
1790121600,13.045,13.215,12.061,12.351,1772896.08
1790208000,12.351,12.496,12.176,12.288,344322.6
